planner,mapName,problemIndex,numSteps,cost,timespent,success
0,./map1.txt,0,42,13.832844999999999,0.14130086009390652,True
0,./map2.txt,1,35,4.3196829999999995,0.0056810269597917795,True
1,./map1.txt,0,491,32.41278700000001,1.1665587718598545,False
1,./map2.txt,1,3,4.390783,0.004534418927505612,True
2,./map1.txt,0,35,14.397039,0.12438531615771353,True
2,./map2.txt,1,28,4.683603,0.0040193949826061726,True
3,./map1.txt,0,46,80.5941176,0.323538692900911,True
3,./map2.txt,1,20,7.111300999999999,0.5610140850767493,True
