planner,mapName,problemIndex,numSteps,cost,timespent,success
0,./map1.txt,0,58,20.399080999999995,1.237482977999207,True
0,./map2.txt,1,37,4.515902999999999,0.004289605999474588,True
1,./map1.txt,0,34,23.745562999999997,0.01182135700037179,False
1,./map2.txt,1,3,4.391603,0.0027111909994346206,True
2,./map1.txt,0,31,11.372944999999998,0.004179274000307487,True
2,./map2.txt,1,28,4.3196829999999995,0.003911196999979438,True
3,./map1.txt,0,37,51.871035199999994,1.5300325919997704,True
3,./map2.txt,1,2,4.3196829999999995,2.611137998999766,True
